state,capital,latitude,longitude,country,admin1
Rhode Island,Providence,41.82399,-71.41283,United States,Rhode Island
New Hampshire,Concord,43.20814,-71.53757,United States,New Hampshire
Iowa,Des Moines,41.60054,-93.60911,United States,Iowa
Texas,Austin,30.26715,-97.74306,United States,Texas
Delaware,Dover,39.15817,-75.52437,United States,Delaware
Massachusetts,Boston,42.35843,-71.05977,United States,Massachusetts
Maine,Augusta,44.31062,-69.77949,United States,Maine
Minnesota,Saint Paul,44.94441,-93.09327,United States,Minnesota
Hawaii,Honolulu,21.30694,-157.85834,United States,Hawaii
Mississippi,Jackson,32.29876,-90.18481,United States,Mississippi
Oklahoma,Oklahoma City,35.46756,-97.51643,United States,Oklahoma
South Carolina,Columbia,34.00071,-81.03481,United States,South Carolina
Arizona,Phoenix,33.44838,-112.07404,United States,Arizona
Michigan,Lansing,42.73253,-84.55553,United States,Michigan
Alaska,Juneau,58.30194,-134.41972,United States,Alaska
Utah,Salt Lake City,40.76078,-111.89105,United States,Utah
New Jersey,Trenton,40.21705,-74.74294,United States,New Jersey
Pennsylvania,Harrisburg,40.2737,-76.88442,United States,Pennsylvania
North Carolina,Raleigh,35.7721,-78.63861,United States,North Carolina
Idaho,Boise,43.6135,-116.20345,United States,Idaho
Missouri,Jefferson City,38.5767,-92.17352,United States,Missouri
Wisconsin,Madison,43.07305,-89.40123,United States,Wisconsin
Nebraska,Lincoln,40.8,-96.66696,United States,Nebraska
Tennessee,Nashville,36.16589,-86.78444,United States,Tennessee
Nevada,Carson City,39.1638,-119.7674,United States,Nevada
Kansas,Topeka,39.04833,-95.67804,United States,Kansas
Washington,Olympia,47.04491,-122.90169,United States,Washington
Oregon,Salem,44.9429,-123.0351,United States,Oregon
Connecticut,Hartford,41.76371,-72.68509,United States,Connecticut
Florida,Tallahassee,30.43826,-84.28073,United States,Florida
Louisiana,Baton Rouge,30.44332,-91.18747,United States,Louisiana
Arkansas,Little Rock,34.74648,-92.28959,United States,Arkansas
Indiana,Indianapolis,39.76838,-86.15804,United States,Indiana
Wyoming,Cheyenne,41.13998,-104.82025,United States,Wyoming
Montana,Helena,46.59271,-112.03611,United States,Montana
Maryland,Annapolis,38.97859,-76.49184,United States,Maryland
Ohio,Columbus,39.96118,-82.99879,United States,Ohio
Kentucky,Frankfort,38.20091,-84.87328,United States,Kentucky
Colorado,Denver,39.73915,-104.9847,United States,Colorado
North Dakota,Bismarck,46.80833,-100.78374,United States,North Dakota
Georgia,Atlanta,33.749,-84.38798,United States,Georgia
New Mexico,Santa Fe,35.68698,-105.9378,United States,New Mexico
West Virginia,Charleston,38.34982,-81.63262,United States,West Virginia
Vermont,Montpelier,44.26006,-72.57539,United States,Vermont
South Dakota,Pierre,44.36832,-100.35097,United States,South Dakota
Alabama,Montgomery,32.36681,-86.29997,United States,Alabama
California,Sacramento,38.58157,-121.4944,United States,California
Illinois,Springfield,39.80172,-89.64371,United States,Illinois
New York,Albany,42.65258,-73.75623,United States,New York
Virginia,Richmond,37.55376,-77.46026,United States,Virginia
