state,state_abbr,cdc_total_population,cdc_obesity_prevalence,cdc_physical_inactivity_prevalence,cdc_smoking_prevalence,cdc_depression_prevalence,cdc_imputation_flag
Alabama,AL,5108468,39.408,28.735,15.149,23.348,0
Alaska,AK,733406,35.546,21.783,16.207,20.729,0
Arizona,AZ,7431344,31.284,21.937,11.446,19.473,0
Arkansas,AR,3067732,39.282,32.09,15.81,24.595,0
California,CA,38965193,27.964,24.729,10.932,20.156,0
Colorado,CO,5877610,26.191,17.736,10.942,22.719,0
Connecticut,CT,3617176,30.452,25.102,10.62,20.602,0
Delaware,DE,1031890,35.36,27.235,12.562,21.123,0
District of Columbia,DC,678972,24.7,14.9,9.4,21.6,0
Florida,FL,22610726,31.947,26.327,12.45,17.068,0
Georgia,GA,11029227,35.296,26.571,13.623,18.958,0
Hawaii,HI,1435138,25.607,23.003,10.982,15.956,0
Idaho,ID,1964726,32.18,22.262,12.058,23.723,0
Illinois,IL,12549689,34.066,23.021,12.062,19.812,0
Indiana,IN,6862199,38.381,24.896,15.654,25.046,0
Iowa,IA,3207004,37.735,24.805,14.462,20.739,0
Kansas,KS,2940546,36.612,25.663,14.038,20.775,0
Kentucky,KY,4526154,34.496,24.837,13.199,22.68,1
Louisiana,LA,4573749,40.016,30.363,17.279,26.605,0
Maine,ME,1395722,32.764,23.122,14.418,26.865,0
Maryland,MD,6180253,35.117,23.516,10.856,19.366,0
Massachusetts,MA,7001399,27.708,21.699,11.306,23.835,0
Michigan,MI,10037261,36.257,24.9,14.613,25.665,0
Minnesota,MN,5737915,33.524,22.355,13.063,24.411,0
Mississippi,MS,2939690,40.395,34.003,16.924,19.52,0
Missouri,MO,6196156,36.643,28.798,15.995,24.353,0
Montana,MT,1132812,31.497,20.701,13.677,24.887,0
Nebraska,NE,1978379,37.693,24.352,13.199,18.245,0
Nevada,NV,3194176,31.36,26.182,14.56,20.51,0
New Hampshire,NH,1402054,31.824,20.713,10.801,22.68,0
New Jersey,NJ,9290841,28.898,24.837,10.941,15.128,0
New Mexico,NM,2114371,34.208,25.714,13.462,23.181,0
New York,NY,19571216,28.868,26.021,11.31,17.44,0
North Carolina,NC,10835491,35.088,23.83,13.482,24.169,0
North Dakota,ND,783926,36.592,21.901,13.184,21.307,0
Ohio,OH,11785935,37.115,26.88,15.432,25.408,0
Oklahoma,OK,4053824,38.917,31.158,16.313,25.527,0
Oregon,OR,4233358,33.676,20.095,12.035,27.091,0
Pennsylvania,PA,12961683,34.496,24.837,13.199,22.68,1
Rhode Island,RI,1095962,31.762,25.514,11.632,23.192,0
South Carolina,SC,5373555,35.814,25.808,13.316,22.366,0
South Dakota,SD,919318,36.002,24.192,15.37,21.182,0
Tennessee,TN,7126489,37.584,26.522,17.234,28.339,0
Texas,TX,30503258,35.705,27.917,12.54,21.159,0
Utah,UT,3417734,30.975,17.563,8.06,27.269,0
Vermont,VT,647464,28.68,18.918,11.199,26.51,0
Virginia,VA,8715698,34.496,23.725,12.201,21.747,0
Washington,WA,7812880,30.752,18.023,10.144,25.062,0
West Virginia,WV,1770071,40.655,32.833,19.359,30.452,0
Wisconsin,WI,5910955,37.762,26.664,13.591,23.214,0
Wyoming,WY,584057,33.816,25.648,14.049,21.638,0
