state,state_fips,census_total_population,census_female_population,census_female_20_24,census_female_25_29,census_female_30_34,census_median_household_income
Alabama,01,5086768,2616836,167781,161288,171255,63999
Alaska,02,735706,349326,21530,24824,27683,92788
Arizona,04,7378838,3695365,240477,245294,246677,79964
Arkansas,05,3049391,1544327,99656,96218,100314,60773
California,06,39287377,19664026,1240811,1366482,1463195,99122
Colorado,08,5862189,2892789,184353,213466,225360,95470
Connecticut,09,3624508,1846239,116437,109477,114379,95781
Delaware,10,1021191,526539,29571,30636,34302,84954
District of Columbia,11,681294,357472,25160,40502,39972,109870
Florida,12,22416077,11399997,640693,670767,730589,74568
Georgia,13,10940407,5603983,361974,373096,390559,77353
Hawaii,15,1445235,719236,38748,44184,48270,100389
Idaho,16,1934262,961100,61000,59902,62923,77800
Illinois,17,12694798,6422318,406681,422847,433872,83390
Indiana,18,6851073,3452807,230038,220885,224963,71957
Iowa,19,3210507,1600241,110799,96247,98195,75059
Kansas,20,2947197,1468651,101567,91423,93245,74275
Kentucky,21,4534824,2288055,144612,142936,149046,63726
Louisiana,22,4611961,2355388,153120,147483,161571,60756
Maine,23,1387817,703934,37588,39511,43687,74733
Maryland,24,6206011,3186135,184660,195282,216486,103678
Massachusetts,25,7044056,3601725,243899,243550,249121,103960
Michigan,26,10077761,5084042,326746,320623,330626,72875
Minnesota,27,5739445,2864058,176535,179329,187062,89062
Mississippi,28,2946779,1517517,99684,91639,96133,56447
Missouri,29,6191814,3139370,199545,198829,208409,70702
Montana,30,1116875,550959,35203,33886,35528,72509
Nebraska,31,1978707,984351,68227,62465,62160,76475
Nevada,32,3184612,1580195,90615,107864,116618,78260
New Hampshire,33,1394868,698371,40608,40722,44459,99031
New Jersey,34,9343809,4745416,276475,289791,307503,103556
New Mexico,35,2120246,1066611,68114,66230,69765,64059
New York,36,19852366,10157152,630011,698722,714997,85974
North Carolina,37,10730404,5485368,346834,353247,371552,72388
North Dakota,38,784841,382719,28958,26026,26227,76657
Ohio,39,11810293,5985666,367375,377187,394813,71389
Oklahoma,40,4028634,2023162,135453,130687,136145,65039
Oregon,41,4254293,2133094,128273,139199,152483,83011
Pennsylvania,42,13018639,6600139,396257,399858,432626,77971
Puerto Rico,72,3234309,1705040,104551,110038,106412,26297
Rhode Island,44,1101801,561164,37914,35966,38575,87796
South Carolina,45,5296225,2718500,163971,165683,179888,69324
South Dakota,46,907428,446735,28147,26835,27948,75081
Tennessee,47,7066383,3598649,226970,242705,248645,69595
Texas,48,30188424,15122467,1016327,1055507,1094932,78476
Utah,49,3392331,1673849,140206,126452,117894,95166
Vermont,50,647106,325951,20990,18615,19186,81203
Virginia,51,8705170,4404435,277178,282475,298106,93170
Washington,53,7816116,3880642,230500,272058,299569,98141
West Virginia,54,1778373,890084,53338,49849,52516,59608
Wisconsin,55,5914872,2952490,193490,181347,181552,77485
Wyoming,56,582397,284836,17209,16764,18535,76176
