column,data_type,missing_values,missing_percentage
user_id,object,0,0.0
cycle_number,int64,0,0.0
start_date,object,0,0.0
cycle_length_days,int64,0,0.0
prev_cycle_length,float64,2000,11.13
cycle_phase,object,0,0.0
flow_level,object,0,0.0
pain_level,int64,0,0.0
pms_symptoms,object,0,0.0
mood_score,int64,0,0.0
stress_score_cycle,float64,0,0.0
sleep_hours_cycle,float64,0,0.0
energy_level,int64,0,0.0
concentration_score,int64,0,0.0
work_hours_lost,float64,0,0.0
estrogen_pgml,float64,0,0.0
progesterone_ngml,float64,0,0.0
ovulation_result,object,0,0.0
overall_health_score,float64,0,0.0
log_consistency_score,float64,0,0.0
prepared_before_period,int64,0,0.0
state,object,0,0.0
age,int64,0,0.0
bmi,float64,0,0.0
diet_quality,object,0,0.0
exercise_frequency,object,0,0.0
sleep_hours,float64,0,0.0
caffeine_intake,float64,0,0.0
water_intake_liters,float64,0,0.0
alcohol_consumption,object,0,0.0
smoking_status,object,0,0.0
birth_control_use,int64,0,0.0
pcos_diagnosed,int64,0,0.0
stress_score_baseline,float64,0,0.0
state_fips,int64,0,0.0
census_total_population,int64,0,0.0
census_female_population,int64,0,0.0
census_female_20_24,int64,0,0.0
census_female_25_29,int64,0,0.0
census_female_30_34,int64,0,0.0
census_median_household_income,int64,0,0.0
state_abbr,object,0,0.0
cdc_total_population,int64,0,0.0
cdc_obesity_prevalence,float64,0,0.0
cdc_physical_inactivity_prevalence,float64,0,0.0
cdc_smoking_prevalence,float64,0,0.0
cdc_depression_prevalence,float64,0,0.0
cdc_imputation_flag,int64,0,0.0
latitude,float64,321,1.79
longitude,float64,321,1.79
temperature_mean,float64,0,0.0
humidity_mean,float64,0,0.0
precipitation,float64,0,0.0
wind_speed_mean,float64,0,0.0
has_previous_cycle,int64,0,0.0
coordinates_available,int64,0,0.0
