,cycle_length_days,prev_cycle_length,pain_level,mood_score,stress_score_cycle,sleep_hours_cycle,energy_level,concentration_score,work_hours_lost,estrogen_pgml,progesterone_ngml,overall_health_score,age,bmi,sleep_hours,caffeine_intake,water_intake_liters,stress_score_baseline,temperature_mean,humidity_mean,precipitation,wind_speed_mean,cdc_obesity_prevalence,cdc_physical_inactivity_prevalence,cdc_smoking_prevalence,cdc_depression_prevalence,census_median_household_income
cycle_length_days,1.0,0.276503354174914,0.0604879362652647,-0.02969683787821045,-0.012828053948666816,-0.016837764294962403,-0.02757647960010443,-0.03203425405567212,0.0373796084937832,0.010306702970778505,-0.005476954583704127,-0.0828981392911652,0.018233973826367857,0.1598446672130013,-0.015018952201684796,-0.007941338473537207,0.01570887866127962,-0.01477987319676415,-0.0008370983590991128,-0.01970559953095457,-0.010273322613858531,-0.006894026678469436,-0.008618002713696431,-0.011610141233287899,-0.01082056497533697,-0.0071592467779368315,0.01119978023023748
prev_cycle_length,0.276503354174914,1.0,0.055577084531942024,-0.02150854064442915,-0.02206866266740462,-0.011992789055905185,-0.0187496010913874,-0.026233715301963598,0.030613853996108515,0.019522984227304307,-0.01559107453598333,-0.07647048676281508,0.01753174239800306,0.16021601014334952,-0.016687195927253127,-0.004473319807007918,0.01592289211336898,-0.014771041087660475,0.002614016731919296,-0.02298796656878217,-0.011424253031158895,-0.004891786140453975,-0.009080684191391129,-0.010656966111150055,-0.011947289488950814,-0.006767071940173599,0.007528240998980717
pain_level,0.0604879362652647,0.055577084531942024,1.0,-0.6460248915805658,0.6072967936865197,-0.17247285901109802,-0.7066131849796919,-0.7274850425231364,0.822637538648663,0.003133267354751678,0.060751965990842115,-0.921392666782624,0.002251566353179714,0.009643724062590685,0.010029193419335508,-0.010674881255937426,-0.0076389583577642795,0.4964516015405371,-0.016530625700355413,-0.003625328145981249,-0.0020160645442725673,0.012497007187955253,-0.022301286619121095,-0.011594347684318444,-0.0037831393373698187,-0.010450871993117545,0.02024646744195124
mood_score,-0.02969683787821045,-0.02150854064442915,-0.6460248915805658,1.0,-0.5384539583392539,0.13125746621531226,0.5016563644753392,0.5124156082333436,-0.5819427389755941,0.010550159731091042,-0.04896704469170758,0.6438453077452219,0.0005701631793894965,0.008352386171078398,-0.007848252717554412,0.007848994418799717,-0.00022671139604518218,-0.4474255121337357,0.013134875740882486,-0.0008284565190517913,-0.0041379567000442135,-0.016726463370733306,0.012558833948249184,0.009808654032618155,-0.002726198883502301,-0.0009354109847352037,-0.008067558512236176
stress_score_cycle,-0.012828053948666816,-0.02206866266740462,0.6072967936865197,-0.5384539583392539,1.0,-0.18442773178875776,-0.6285111600028414,-0.6319569791980422,0.7115589922302407,-0.03421021458834859,0.08171461079140308,-0.756213876117044,0.00507290396960189,-0.022568295829756918,0.00676735958952406,-0.025816773823825846,0.00727323956979026,0.8211352658662605,-0.025319710785383132,0.002171068458281243,0.0010948744646562842,0.005460082298607978,-0.02115560504944978,-0.026037036524192547,-0.007057486285352129,-0.0002979691412585871,0.02395119344880653
sleep_hours_cycle,-0.016837764294962403,-0.011992789055905185,-0.17247285901109802,0.13125746621531226,-0.18442773178875776,1.0,0.14618611869753892,0.1469149095218999,-0.4639283848415373,0.0024635726155700054,-0.02688290937478359,0.3296293102859862,-0.002033659821535782,0.02286626106252179,0.8756581514355966,0.03223481941330792,0.009141784369113629,-0.15332309843332342,0.0029042414326921643,-0.000463593333121736,-0.004791319860188762,0.009029786560930805,0.01434962395032899,0.03075627705216037,0.010667503292795083,-0.027794532393255144,-0.006112719552124634
energy_level,-0.02757647960010443,-0.0187496010913874,-0.7066131849796919,0.5016563644753392,-0.6285111600028414,0.14618611869753892,1.0,0.5747148806014651,-0.6485339415150673,0.008886635036786161,-0.05745713344506727,0.7169120898825732,-0.005955973369168561,-0.003756270232616202,-0.00586823061606106,0.011840338387369552,0.013285516366528267,-0.5177477546805684,0.012300907520769573,0.009238521228927637,0.0028888728570253177,-0.008761965922541675,0.020989729314685582,0.012474554242221124,0.005941879335790148,0.008057194954137507,-0.020920519821751412
concentration_score,-0.03203425405567212,-0.026233715301963598,-0.7274850425231364,0.5124156082333436,-0.6319569791980422,0.1469149095218999,0.5747148806014651,1.0,-0.6623352632579563,0.013866273505654279,-0.054624756780921394,0.7323351386343748,0.006337103211629433,-0.0023848708440425115,-0.00931136287649896,0.012404631739867117,0.001106984318839385,-0.5156198609104073,0.022532897379526417,0.0069506079464530975,0.00166364111516138,-0.011484459125867772,0.02007619422558805,0.013916040608964913,0.004546386201852958,0.007425158226175751,-0.018185617023758
work_hours_lost,0.0373796084937832,0.030613853996108515,0.822637538648663,-0.5819427389755941,0.7115589922302407,-0.4639283848415373,-0.6485339415150673,-0.6623352632579563,1.0,-0.008470049441585649,0.06725530288950955,-0.8704763563576736,0.008394969368692001,-0.01360117324674118,-0.2618434031556242,-0.02551868744724312,-0.006809178336090128,0.5856986969201791,-0.020418448940459192,-0.0032979546591299295,0.0024189879605253806,0.008625203012217118,-0.025017078707927402,-0.02652474657288763,-0.008232465247686331,0.005002391432634489,0.021992412676455603
estrogen_pgml,0.010306702970778505,0.019522984227304307,0.003133267354751678,0.010550159731091042,-0.03421021458834859,0.0024635726155700054,0.008886635036786161,0.013866273505654279,-0.008470049441585649,1.0,-0.19612239809435475,0.006410570621323556,-0.0003288469491242654,0.014816986527981921,-0.009695196841392214,0.002186798341051439,0.007182847730597414,0.0003343593799998853,0.018091982966164603,-0.005841252732383087,-0.012218019297661418,-0.003698386043502988,0.0026407577828951962,0.010709582955226293,-0.002430885037362407,0.004979595250164568,-0.007216672197802701
progesterone_ngml,-0.005476954583704127,-0.01559107453598333,0.060751965990842115,-0.04896704469170758,0.08171461079140308,-0.02688290937478359,-0.05745713344506727,-0.054624756780921394,0.06725530288950955,-0.19612239809435475,1.0,-0.06926809242039604,0.011691502845500369,0.009690942540513645,-0.0036735025235281795,0.0011808893450050235,-0.007642192630958061,-0.00760502233491597,-0.00800493553694175,-0.007695219084514045,0.00013713563632728352,0.003958618745643722,3.023225157758004e-06,0.0021989478084710064,0.006749833891371637,-0.009062010753410923,0.008278660537325393
overall_health_score,-0.0828981392911652,-0.07647048676281508,-0.921392666782624,0.6438453077452219,-0.756213876117044,0.3296293102859862,0.7169120898825732,0.7323351386343748,-0.8704763563576736,0.006410570621323556,-0.06926809242039604,1.0,-0.001732991976058523,-0.0808391113004548,0.13005461346750696,0.022650119559507808,0.006458828962408649,-0.6185901983547425,0.01740303516116991,0.008148084912222076,0.0008158330370986276,-0.009632821134191656,0.021473394017271198,0.016662447483333995,0.003628441675001205,0.008900683846597783,-0.014792434355237773
age,0.018233973826367857,0.01753174239800306,0.002251566353179714,0.0005701631793894965,0.00507290396960189,-0.002033659821535782,-0.005955973369168561,0.006337103211629433,0.008394969368692001,-0.0003288469491242654,0.011691502845500369,-0.001732991976058523,1.0,0.018297754211725317,-0.0015564613699552764,0.02723847860010195,0.027856304702232906,0.004195309541367644,-0.012645710272786596,0.021120012973612576,0.0018706863880840518,0.006156605165666128,0.020792098345654424,0.005903727925042232,0.02056057355312908,-0.004010336512289402,0.006760812629391509
bmi,0.1598446672130013,0.16021601014334952,0.009643724062590685,0.008352386171078398,-0.022568295829756918,0.02286626106252179,-0.003756270232616202,-0.0023848708440425115,-0.01360117324674118,0.014816986527981921,0.009690942540513645,-0.0808391113004548,0.018297754211725317,1.0,0.022474164490059324,-0.011274669878491269,0.009541358365494003,-0.014894920506355866,0.014259042667197585,-0.002645864034987651,0.007898749859611746,-0.01048722587280949,0.007393096931550942,0.007306083231347537,-0.022940770757883488,-0.03813820285532913,-0.00130935602500152
sleep_hours,-0.015018952201684796,-0.016687195927253127,0.010029193419335508,-0.007848252717554412,0.00676735958952406,0.8756581514355966,-0.00586823061606106,-0.00931136287649896,-0.2618434031556242,-0.009695196841392214,-0.0036735025235281795,0.13005461346750696,-0.0015564613699552764,0.022474164490059324,1.0,0.027172084278611564,0.009713501623339546,0.001792342602235533,0.0014380881743389549,-0.0071285171240811586,-0.007276279845298126,0.00648879733947445,0.00804519504021426,0.02936296459919606,0.010908896114298015,-0.02972998160555174,-0.002965982394036814
caffeine_intake,-0.007941338473537207,-0.004473319807007918,-0.010674881255937426,0.007848994418799717,-0.025816773823825846,0.03223481941330792,0.011840338387369552,0.012404631739867117,-0.02551868744724312,0.002186798341051439,0.0011808893450050235,0.022650119559507808,0.02723847860010195,-0.011274669878491269,0.027172084278611564,1.0,0.011301112053538166,-0.02572725867589212,-0.004330939966195941,0.031516311297431855,-0.00128751202149295,0.0007146500559105825,-0.006288952355096879,-0.001598400446841409,-0.01703355183827663,-0.0328887351625305,0.031848455724586035
water_intake_liters,0.01570887866127962,0.01592289211336898,-0.0076389583577642795,-0.00022671139604518218,0.00727323956979026,0.009141784369113629,0.013285516366528267,0.001106984318839385,-0.006809178336090128,0.007182847730597414,-0.007642192630958061,0.006458828962408649,0.027856304702232906,0.009541358365494003,0.009713501623339546,0.011301112053538166,1.0,0.016902165980595203,-0.006050098038443395,0.007364252547085006,0.0016850331569383625,0.0070919734247681535,-0.0010820975189153844,-0.004376329496731558,-0.005025242195012688,0.003106610460138112,0.003927302879505093
stress_score_baseline,-0.01477987319676415,-0.014771041087660475,0.4964516015405371,-0.4474255121337357,0.8211352658662605,-0.15332309843332342,-0.5177477546805684,-0.5156198609104073,0.5856986969201791,0.0003343593799998853,-0.00760502233491597,-0.6185901983547425,0.004195309541367644,-0.014894920506355866,0.001792342602235533,-0.02572725867589212,0.016902165980595203,1.0,-0.021662184698087672,0.004857135490491992,-0.0033484386384574644,0.0038763153136104947,-0.021108174291407433,-0.022118433837659233,-0.004761334430511585,-0.0015553325785189242,0.02478614614496681
temperature_mean,-0.0008370983590991128,0.002614016731919296,-0.016530625700355413,0.013134875740882486,-0.025319710785383132,0.0029042414326921643,0.012300907520769573,0.022532897379526417,-0.020418448940459192,0.018091982966164603,-0.00800493553694175,0.01740303516116991,-0.012645710272786596,0.014259042667197585,0.0014380881743389549,-0.004330939966195941,-0.006050098038443395,-0.021662184698087672,1.0,-0.10843477280283034,-0.005117153521859004,-0.0884329445096483,0.08560117729916145,0.22328223190806878,0.061376615486621273,-0.109675598184835,-0.1250674162055831
humidity_mean,-0.01970559953095457,-0.02298796656878217,-0.003625328145981249,-0.0008284565190517913,0.002171068458281243,-0.000463593333121736,0.009238521228927637,0.0069506079464530975,-0.0032979546591299295,-0.005841252732383087,-0.007695219084514045,0.008148084912222076,0.021120012973612576,-0.002645864034987651,-0.0071285171240811586,0.031516311297431855,0.007364252547085006,0.004857135490491992,-0.10843477280283034,1.0,0.41762589511171144,-0.1343847875773626,0.1424615055462516,0.12687353240690386,0.120569032425912,0.024759769431492128,0.006536075513169448
precipitation,-0.010273322613858531,-0.011424253031158895,-0.0020160645442725673,-0.0041379567000442135,0.0010948744646562842,-0.004791319860188762,0.0028888728570253177,0.00166364111516138,0.0024189879605253806,-0.012218019297661418,0.00013713563632728352,0.0008158330370986276,0.0018706863880840518,0.007898749859611746,-0.007276279845298126,-0.00128751202149295,0.0016850331569383625,-0.0033484386384574644,-0.005117153521859004,0.41762589511171144,1.0,0.14988807618723457,0.05977318986990864,0.044402743018855224,0.05361198441785825,-0.014291681520271474,-0.003742276020574405
wind_speed_mean,-0.006894026678469436,-0.004891786140453975,0.012497007187955253,-0.016726463370733306,0.005460082298607978,0.009029786560930805,-0.008761965922541675,-0.011484459125867772,0.008625203012217118,-0.003698386043502988,0.003958618745643722,-0.009632821134191656,0.006156605165666128,-0.01048722587280949,0.00648879733947445,0.0007146500559105825,0.0070919734247681535,0.0038763153136104947,-0.0884329445096483,-0.1343847875773626,0.14988807618723457,1.0,0.0774346795115998,0.08724088108053613,0.0458099876573673,-0.1159984311796678,-0.02666053199679967
cdc_obesity_prevalence,-0.008618002713696431,-0.009080684191391129,-0.022301286619121095,0.012558833948249184,-0.02115560504944978,0.01434962395032899,0.020989729314685582,0.02007619422558805,-0.025017078707927402,0.0026407577828951962,3.023225157758004e-06,0.021473394017271198,0.020792098345654424,0.007393096931550942,0.00804519504021426,-0.006288952355096879,-0.0010820975189153844,-0.021108174291407433,0.08560117729916145,0.1424615055462516,0.05977318986990864,0.0774346795115998,1.0,0.6681277471434666,0.7893798856018386,0.30205316010466765,-0.7439823131130103
cdc_physical_inactivity_prevalence,-0.011610141233287899,-0.010656966111150055,-0.011594347684318444,0.009808654032618155,-0.026037036524192547,0.03075627705216037,0.012474554242221124,0.013916040608964913,-0.02652474657288763,0.010709582955226293,0.0021989478084710064,0.016662447483333995,0.005903727925042232,0.007306083231347537,0.02936296459919606,-0.001598400446841409,-0.004376329496731558,-0.022118433837659233,0.22328223190806878,0.12687353240690386,0.044402743018855224,0.08724088108053613,0.6681277471434666,1.0,0.7167895891766576,-0.06838940832712703,-0.645655500373853
cdc_smoking_prevalence,-0.01082056497533697,-0.011947289488950814,-0.0037831393373698187,-0.002726198883502301,-0.007057486285352129,0.010667503292795083,0.005941879335790148,0.004546386201852958,-0.008232465247686331,-0.002430885037362407,0.006749833891371637,0.003628441675001205,0.02056057355312908,-0.022940770757883488,0.010908896114298015,-0.01703355183827663,-0.005025242195012688,-0.004761334430511585,0.061376615486621273,0.120569032425912,0.05361198441785825,0.0458099876573673,0.7893798856018386,0.7167895891766576,1.0,0.30441565285759475,-0.7765345879045088
cdc_depression_prevalence,-0.0071592467779368315,-0.006767071940173599,-0.010450871993117545,-0.0009354109847352037,-0.0002979691412585871,-0.027794532393255144,0.008057194954137507,0.007425158226175751,0.005002391432634489,0.004979595250164568,-0.009062010753410923,0.008900683846597783,-0.004010336512289402,-0.03813820285532913,-0.02972998160555174,-0.0328887351625305,0.003106610460138112,-0.0015553325785189242,-0.109675598184835,0.024759769431492128,-0.014291681520271474,-0.1159984311796678,0.30205316010466765,-0.06838940832712703,0.30441565285759475,1.0,-0.3351528068768977
census_median_household_income,0.01119978023023748,0.007528240998980717,0.02024646744195124,-0.008067558512236176,0.02395119344880653,-0.006112719552124634,-0.020920519821751412,-0.018185617023758,0.021992412676455603,-0.007216672197802701,0.008278660537325393,-0.014792434355237773,0.006760812629391509,-0.00130935602500152,-0.002965982394036814,0.031848455724586035,0.003927302879505093,0.02478614614496681,-0.1250674162055831,0.006536075513169448,-0.003742276020574405,-0.02666053199679967,-0.7439823131130103,-0.645655500373853,-0.7765345879045088,-0.3351528068768977,1.0
