,count,mean,std,min,25%,50%,75%,max,median,missing
cycle_number,17976.0,5.214842011570983,2.93124058335612,1.0,3.0,5.0,7.0,12.0,5.0,0
cycle_length_days,17976.0,27.81675567423231,2.400329059394839,22.0,26.0,28.0,29.0,44.0,28.0,0
prev_cycle_length,15976.0,27.82686529794692,2.399831885271606,22.0,26.0,28.0,29.0,44.0,28.0,2000
pain_level,17976.0,4.854472630173564,2.2302921517344148,1.0,3.0,5.0,6.0,10.0,5.0,0
mood_score,17976.0,7.084946595460615,1.5064310271063663,1.0,6.0,7.0,8.0,10.0,7.0,0
stress_score_cycle,17976.0,5.7492601246105925,1.7719528709571577,1.0,4.5,5.8,7.0,10.0,5.8,0
sleep_hours_cycle,17976.0,6.960252558967513,1.315145760038195,4.5,6.0,7.0,7.9,10.0,7.0,0
energy_level,17976.0,6.832165109034268,1.6875333140927373,1.0,6.0,7.0,8.0,10.0,7.0,0
concentration_score,17976.0,7.35202492211838,1.4350352191737243,2.0,6.0,7.0,8.0,10.0,7.0,0
work_hours_lost,17976.0,3.39444259012016,1.4951808504350959,0.0,2.3,3.4,4.4,8.8,3.4,0
estrogen_pgml,17976.0,96.42983978638186,27.92874318026872,10.0,76.3,94.3,115.1,206.5,94.3,0
progesterone_ngml,17976.0,5.336520916777926,3.791150875116088,0.1,2.23,3.83,8.37,20.25,3.83,0
overall_health_score,17976.0,8.548664886515354,1.106405372729797,4.4,7.8,8.6,9.5,10.0,8.6,0
log_consistency_score,17976.0,0.9352884401424121,0.02012921463101041,0.86,0.921,0.936,0.95,0.985,0.936,0
prepared_before_period,17976.0,0.5677013796172675,0.49540910004965066,0.0,0.0,1.0,1.0,1.0,1.0,0
age,17976.0,25.791165999109925,4.91546359133094,16.0,22.0,26.0,29.0,43.0,26.0,0
bmi,17976.0,22.99109368046284,4.223874814402817,16.0,19.8,22.8,26.0,41.2,22.8,0
sleep_hours,17976.0,6.9925456163773925,1.1858751716832252,4.5,6.2,7.0,7.8,10.0,7.0,0
caffeine_intake,17976.0,1.816371829105474,1.0666446623143204,0.0,1.0,1.8,2.5,5.6,1.8,0
water_intake_liters,17976.0,2.302447708055185,0.6902932114040112,0.8,1.8,2.3,2.8,4.5,2.3,0
birth_control_use,17976.0,0.3410658655985759,0.47408063010368456,0.0,0.0,0.0,1.0,1.0,0.0,0
pcos_diagnosed,17976.0,0.08222073876279484,0.2747083671098208,0.0,0.0,0.0,0.0,1.0,0.0,0
stress_score_baseline,17976.0,5.589530485091233,1.4740467726729338,1.0,4.6,5.7,6.7,10.0,5.7,0
state_fips,17976.0,29.673008455718737,15.489275654124103,1.0,18.0,30.0,42.0,56.0,30.0,0
census_total_population,17976.0,6585434.552236315,7230517.688956321,582397.0,1934262.0,4611961.0,7816116.0,39287377.0,4611961.0,0
census_female_population,17976.0,3325157.1858032933,3642900.4935111916,284836.0,961100.0,2355388.0,3880642.0,19664026.0,2355388.0,0
census_female_20_24,17976.0,209235.8820093458,228950.5251298442,17209.0,61000.0,153120.0,243899.0,1240811.0,153120.0,0
census_female_25_29,17976.0,216234.41471962616,247741.2887442022,16764.0,59902.0,147483.0,272058.0,1366482.0,147483.0,0
census_female_30_34,17976.0,227389.19759679574,262265.96140789584,18535.0,62160.0,161571.0,298106.0,1463195.0,161571.0,0
census_median_household_income,17976.0,79962.26557632399,12501.244260605337,56447.0,71957.0,77485.0,89062.0,103960.0,77485.0,0
cdc_total_population,17976.0,6583732.123275478,7210174.371025739,584057.0,1964726.0,4573749.0,7812880.0,38965193.0,4573749.0,0
cdc_obesity_prevalence,17976.0,34.078287772585675,3.6794748910468686,25.607,31.497,34.496,36.643,40.655,34.496,0
cdc_physical_inactivity_prevalence,17976.0,24.642544726301736,3.610490639345758,17.563,22.262,24.837,26.522,34.003,24.837,0
cdc_smoking_prevalence,17976.0,13.272118546951491,2.1564808712870103,8.06,11.446,13.199,14.613,19.359,13.199,0
cdc_depression_prevalence,17976.0,22.607145527369823,3.1225374776042547,15.128,20.69725,22.68,24.887,30.452,22.68,0
cdc_imputation_flag,17976.0,0.04133288829550512,0.1990645248716829,0.0,0.0,0.0,0.0,1.0,0.0,0
latitude,17655.0,39.627637913339,5.81012597650203,21.30694,35.7721,39.96118,43.07305,58.30194,39.96118,321
longitude,17655.0,-93.9687557264231,19.102354558495858,-157.85834,-104.9847,-90.18481,-78.63861,-69.77949,-90.18481,321
temperature_mean,17976.0,15.505173564753004,9.40429037962368,-29.4,8.6,17.3,22.9,39.3,17.3,0
humidity_mean,17976.0,66.42590120160213,16.642923041515736,8.0,57.0,69.0,78.0,100.0,69.0,0
precipitation,17976.0,2.908021806853582,6.9474629433627975,0.0,0.0,0.0,2.1,86.7,0.0,0
wind_speed_mean,17976.0,11.27326435246996,4.916697619873916,1.1,7.7,10.3,13.9,44.0,10.3,0
has_previous_cycle,17976.0,0.8887405429461505,0.3144619075301038,0.0,1.0,1.0,1.0,1.0,1.0,0
coordinates_available,17976.0,0.9821428571428571,0.1324357995760148,0.0,1.0,1.0,1.0,1.0,1.0,0
