,correlation
pain_level,1.0
work_hours_lost,0.822637538648663
stress_score_cycle,0.6072967936865197
stress_score_baseline,0.4964516015405371
progesterone_ngml,0.060751965990842115
cycle_length_days,0.0604879362652647
prev_cycle_length,0.055577084531942024
census_median_household_income,0.02024646744195124
wind_speed_mean,0.012497007187955253
sleep_hours,0.010029193419335508
bmi,0.009643724062590685
estrogen_pgml,0.003133267354751678
age,0.002251566353179714
precipitation,-0.0020160645442725673
humidity_mean,-0.003625328145981249
cdc_smoking_prevalence,-0.0037831393373698187
water_intake_liters,-0.0076389583577642795
cdc_depression_prevalence,-0.010450871993117545
caffeine_intake,-0.010674881255937426
cdc_physical_inactivity_prevalence,-0.011594347684318444
temperature_mean,-0.016530625700355413
cdc_obesity_prevalence,-0.022301286619121095
sleep_hours_cycle,-0.17247285901109802
mood_score,-0.6460248915805658
energy_level,-0.7066131849796919
concentration_score,-0.7274850425231364
overall_health_score,-0.921392666782624
