state,records,average_pain,average_cycle_length,average_stress,average_sleep,average_temperature,average_humidity,cdc_obesity,cdc_physical_inactivity,cdc_depression,median_household_income
Alabama,374,4.871657754010696,27.62566844919786,5.814705882352941,6.982352941176471,20.928074866310162,71.40641711229947,39.408,28.735,23.348,63999
Alaska,373,5.13941018766756,27.68900804289544,6.020107238605898,6.854423592493297,6.123056300268097,80.88739946380697,35.546,21.783,20.729,92788
Arizona,379,4.91820580474934,28.242744063324537,5.820316622691293,6.940633245382585,25.62664907651715,32.31926121372032,31.284,21.937,19.473,79964
Arkansas,300,4.833333333333333,27.826666666666668,5.764,6.878666666666667,19.984333333333336,72.79333333333334,39.282,32.09,24.595,60773
California,364,5.321428571428571,28.37912087912088,5.886263736263736,7.162087912087912,18.48379120879121,59.043956043956044,27.964,24.729,20.156,99122
Colorado,303,4.70957095709571,27.742574257425744,5.7844884488448844,6.875247524752474,12.399999999999999,50.7029702970297,26.191,17.736,22.719,95470
Connecticut,284,5.214788732394366,27.609154929577464,5.980985915492957,7.152464788732394,13.058802816901407,71.01408450704226,30.452,25.102,20.602,95781
Delaware,368,4.540760869565218,27.703804347826086,5.48125,7.2355978260869565,16.14103260869565,68.34239130434783,35.36,27.235,21.123,84954
Florida,321,4.641744548286605,27.70404984423676,5.485046728971962,6.8797507788162,21.75545171339564,73.90654205607477,31.947,26.327,17.068,74568
Georgia,326,5.180981595092025,27.67484662576687,6.175766871165644,7.12239263803681,19.237116564417178,67.84662576687117,35.296,26.571,18.958,77353
Hawaii,388,4.804123711340206,27.662371134020617,5.662371134020619,6.9301546391752575,23.80592783505155,72.54896907216495,25.607,23.003,15.956,100389
Idaho,358,4.594972067039106,27.997206703910614,5.391620111731844,6.809497206703911,14.424301675977652,49.79329608938548,32.18,22.262,23.723,77800
Illinois,324,5.2253086419753085,27.87037037037037,5.96141975308642,6.875925925925927,16.334876543209877,68.7746913580247,34.066,23.021,19.812,83390
Indiana,321,4.582554517133956,27.735202492211837,5.655763239875389,7.075077881619937,15.508722741433022,68.80996884735202,38.381,24.896,25.046,71957
Iowa,395,4.832911392405063,28.040506329113924,5.762784810126583,6.845316455696203,14.227341772151899,67.96455696202531,37.735,24.805,20.739,75059
Kansas,301,4.700996677740863,28.20265780730897,5.685382059800665,6.9,17.077408637873756,63.39867109634552,36.612,25.663,20.775,74275
Kentucky,426,4.744131455399061,27.5962441314554,5.725352112676056,7.086854460093897,16.549530516431926,72.97183098591549,34.496,24.837,22.68,63726
Louisiana,313,4.702875399361022,28.309904153354633,5.356230031948882,6.809584664536741,22.67060702875399,75.1373801916933,40.016,30.363,26.605,60756
Maine,289,4.633217993079585,27.837370242214533,5.538754325259516,6.686505190311419,11.244290657439446,75.4878892733564,32.764,23.122,26.865,74733
Maryland,299,4.632107023411371,27.608695652173914,5.573244147157191,6.868227424749164,16.523745819397995,72.11705685618729,35.117,23.516,19.366,103678
Massachusetts,293,4.795221843003413,27.675767918088738,5.585324232081911,7.16825938566553,13.018430034129693,71.10921501706484,27.708,21.699,23.835,103960
Michigan,380,5.0,27.96842105263158,5.672631578947368,7.0668421052631585,12.954473684210527,68.33421052631579,36.257,24.9,25.665,72875
Minnesota,398,4.806532663316583,27.84170854271357,5.760552763819095,6.721105527638191,11.646733668341708,68.52763819095478,33.524,22.355,24.411,89062
Mississippi,411,4.472019464720194,27.734793187347933,5.269099756690998,7.274452554744526,20.269829683698298,75.82481751824818,40.395,34.003,19.52,56447
Missouri,425,4.778823529411765,27.63529411764706,5.5889411764705885,6.744941176470588,17.049411764705884,67.88705882352942,36.643,28.798,24.353,70702
Montana,487,5.096509240246407,27.870636550308006,5.814579055441478,6.8390143737166325,9.688911704312115,51.63655030800821,31.497,20.701,24.887,72509
Nebraska,259,4.764478764478764,27.79150579150579,5.841698841698841,7.296911196911197,15.430501930501931,60.907335907335906,37.693,24.352,18.245,76475
Nevada,378,4.849206349206349,27.817460317460316,5.574338624338624,6.832010582010582,13.834920634920636,49.301587301587304,31.36,26.182,20.51,78260
New Hampshire,473,5.251585623678647,27.995771670190276,5.985623678646934,7.071881606765328,11.488794926004228,71.31501057082453,31.824,20.713,22.68,99031
New Jersey,372,5.002688172043011,28.27956989247312,5.949462365591398,6.869086021505376,16.011290322580646,68.80376344086021,28.898,24.837,15.128,103556
New Mexico,247,5.125506072874494,27.83400809716599,5.904453441295547,6.795951417004048,13.023076923076923,43.77732793522267,34.208,25.714,23.181,64059
New York,389,4.930591259640103,27.53727506426735,5.766323907455012,7.082776349614395,13.012596401028278,69.95886889460154,28.868,26.021,17.44,85974
North Carolina,489,4.738241308793456,27.96319018404908,5.49120654396728,7.1576687116564415,18.281799591002045,69.73006134969326,35.088,23.83,24.169,72388
North Dakota,385,4.638961038961039,27.90909090909091,5.456103896103896,6.904675324675325,8.785194805194806,66.94025974025973,36.592,21.901,21.307,76657
Ohio,452,4.561946902654867,27.63274336283186,5.417035398230088,7.240044247787611,14.970132743362832,69.53097345132744,37.115,26.88,25.408,71389
Oklahoma,336,5.011904761904762,27.639880952380953,5.852083333333333,6.68125,19.410416666666666,62.032738095238095,38.917,31.158,25.527,65039
Oregon,434,4.661290322580645,27.76958525345622,5.848387096774193,6.925115207373272,13.158755760368663,73.66129032258064,33.676,20.095,27.091,83011
Pennsylvania,317,4.801261829652997,28.025236593059937,5.725552050473186,6.674763406940063,15.662776025236594,69.95583596214512,34.496,24.837,22.68,77971
Rhode Island,393,4.964376590330788,27.763358778625953,5.755470737913487,6.918320610687023,13.179389312977099,72.38676844783716,31.762,25.514,23.192,87796
South Carolina,417,4.894484412470024,27.446043165467625,6.0,6.806474820143885,20.186091127098322,70.72901678657074,35.814,25.808,22.366,69324
South Dakota,276,5.22463768115942,27.731884057971016,6.008333333333333,7.022101449275362,13.355434782608695,61.86231884057971,36.002,24.192,21.182,75081
Tennessee,281,5.259786476868327,27.8576512455516,6.155516014234876,7.05338078291815,17.872241992882564,71.8220640569395,37.584,26.522,28.339,69595
Texas,264,4.276515151515151,27.83712121212121,5.252651515151515,6.975378787878788,23.198863636363637,68.81439393939394,35.705,27.917,21.159,78476
Utah,368,4.603260869565218,27.842391304347824,5.399184782608696,6.662228260869565,13.897010869565218,43.82336956521739,30.975,17.563,27.269,95166
Vermont,425,4.988235294117647,27.68470588235294,6.179294117647059,6.905176470588235,10.752,74.12941176470588,28.68,18.918,26.51,81203
Virginia,307,4.98371335504886,27.60260586319218,6.021824104234528,7.070684039087947,16.848534201954397,70.48534201954398,34.496,23.725,21.747,93170
Washington,454,4.70704845814978,27.84361233480176,5.8392070484581495,6.829735682819383,12.0420704845815,76.70044052863436,30.752,18.023,25.062,98141
West Virginia,266,4.860902255639098,27.57894736842105,6.051127819548872,6.981203007518797,17.089097744360902,69.39473684210526,40.655,32.833,30.452,59608
Wisconsin,467,4.852248394004283,27.882226980728053,5.816916488222698,7.065952890792292,12.80578158458244,69.5610278372591,37.762,26.664,23.214,77485
Wyoming,327,5.08256880733945,27.718654434250766,6.1446483180428135,7.379816513761467,11.06177370030581,46.308868501529055,33.816,25.648,21.638,76176
